Year,Region,"Total Population
(year-end)
(10 000 persons)",Urban Population,Urban Population Proportion (%),Rural Population,Rural Population Proportion (%),"Birth Rate
(‰)","Death Rate
(‰)","Natural
Growth Rate
(‰)","Sex Ratio
(Female=100)","Never
Married (%)above 15 years old","Children
Dependency
Ratio","Dependency
Ratio","Percentage
of Illiterate
Population to
Total Aged 15
and Over(%)","Gross
Regional
Product (100 million yuan)",Unemployment (10 000 persons),CPI (Last year = 100）
2022,Beijing,2184.00,1913.00,87.57,271.00,12.43,5.67,5.72,-0.05,104.18,21.06,16.57,20.76,0.84,41610.9,36.40,101.80
2022,Tianjin,1363.00,1160.00,85.11,203.00,14.89,4.75,6.43,-1.68,105.01,18.46,18.51,24.28,1.65,16311.3,25.40,101.90
2022,Hebei,7420.00,4575.00,61.65,2845.00,38.35,6.09,7.80,-1.71,98.77,16.54,28.22,23.77,2.18,42370.4,20.50,101.80
2022,Shanxi,3481.00,2226.00,63.96,1255.00,36.04,6.75,7.73,-0.98,104.37,18.70,21.99,20.66,1.73,25642.6,19.90,102.10
2022,Inner Mongolia,2401.00,1647.00,68.60,754.00,31.40,5.58,7.83,-2.25,104.11,15.75,18.45,20.40,3.75,23158.6,29.00,101.80
2022,Liaoning,4197.00,3064.00,73.00,1133.00,27.00,4.08,9.04,-4.96,97.25,16.06,14.97,28.77,1.49,28975.1,48.50,102.00
2022,Jilin,2348.00,1496.00,63.72,852.00,36.28,4.32,8.39,-4.07,99.82,15.72,15.08,24.84,1.82,13070.2,19.60,102.10
2022,Heilongjiang,3099.00,2052.00,66.21,1047.00,33.79,3.34,9.09,-5.75,99.96,16.27,12.71,24.44,2.48,15901,20.20,101.90
2022,Shanghai,2475.00,2211.00,89.33,264.00,10.67,4.35,5.96,-1.61,107.87,19.28,13.66,26.09,1.66,44652.8,14.60,102.50
2022,Jiangsu,8515.00,6337.00,74.42,2178.00,25.58,5.23,7.04,-1.81,103.00,15.96,20.82,26.29,2.79,122875.6,62.90,102.20
2022,Zhejiang,6577.00,4826.00,73.38,1751.00,26.62,6.28,6.24,0.04,109.39,17.88,17.95,20.67,3.71,77715.4,37.20,102.20
2022,Anhui,6127.00,3686.00,60.15,2441.00,39.85,7.16,8.09,-0.93,104.25,17.62,27.21,23.86,5.05,45045,17.90,102.00
2022,Fujian,4188.00,2937.00,70.11,1251.00,29.89,7.07,6.52,0.55,107.38,19.52,26.47,17.56,2.90,53109.9,28.30,101.90
2022,Jiangxi,4528.00,2811.00,62.07,1717.00,37.93,7.19,6.94,0.25,106.92,22.66,29.59,19.42,2.37,32074.7,28.50,102.00
2022,Shandong,10163.00,6559.00,64.54,3604.00,35.46,6.71,7.64,-0.93,102.88,17.02,27.29,25.56,4.28,87435.1,20.40,101.70
2022,Henan,9872.00,5633.00,57.07,4239.00,42.93,7.42,7.50,-0.08,100.79,22.16,33.16,22.67,3.20,61345.1,54.60,101.50
2022,Hubei,5844.00,3779.00,64.67,2065.00,35.33,6.08,8.09,-2.01,106.18,18.30,22.53,23.85,3.02,53734.9,51.20,102.10
2022,Hunan,6604.00,3983.00,60.31,2621.00,39.69,6.23,8.54,-2.31,104.83,20.05,27.63,24.53,2.41,48670.4,25.30,101.80
2022,Guangdong,12657.00,9465.00,74.79,3192.00,25.21,8.30,4.97,3.33,111.55,26.56,25.67,13.34,2.19,129118.6,53.90,102.20
2022,Guangxi,5047.00,2809.00,55.65,2238.00,44.35,8.51,7.08,1.43,107.25,24.75,34.25,20.30,2.96,26300.9,22.80,101.90
2022,Hainan,1027.00,631.00,61.49,396.00,38.51,8.60,6.16,2.44,113.36,25.31,27.24,16.19,3.66,6818.2,10.90,101.60
2022,Chongqing,3213.00,2280.00,70.96,933.00,29.04,5.98,8.09,-2.11,102.04,20.36,21.70,27.26,2.20,29129,21.90,102.10
2022,Sichuan,8374.00,4886.00,58.35,3488.00,41.65,6.39,9.04,-2.65,101.78,19.35,22.52,27.12,4.29,56749.8,51.60,102.00
2022,Guizhou,3856.00,2114.00,54.81,1742.00,45.19,11.03,7.32,3.71,104.55,22.53,35.60,18.71,7.98,20164.6,32.90,101.60
2022,Yunnan,4693.00,2427.00,51.72,2266.00,48.28,8.14,8.21,-0.07,106.10,21.60,26.94,16.77,5.56,28954.2,32.50,101.60
2022,Tibet,364.00,136.00,37.39,228.00,62.61,14.24,5.48,8.76,109.70,32.42,35.66,8.49,34.55,2132.6,1.80,101.50
2022,Shaanxi,3956.00,2532.00,64.02,1424.00,35.98,7.36,7.64,-0.28,104.10,18.31,24.51,21.42,3.35,32772.7,23.80,102.10
2022,Gansu,2492.00,1351.00,54.19,1141.00,45.81,8.47,8.51,-0.04,103.21,19.29,27.58,19.80,9.05,11201.6,13.40,101.90
2022,Qinghai,595.00,366.00,61.43,229.00,38.57,10.60,7.23,3.37,100.95,23.27,29.20,14.70,9.69,3610.1,2.10,102.40
2022,Ningxia,728.00,483.00,66.34,245.00,33.66,10.60,6.19,4.41,103.89,19.05,27.99,14.90,5.96,5069.6,10.90,102.30
2022,Xinjiang,2587.00,1498.00,57.89,1089.00,42.11,6.53,5.76,0.77,107.03,21.60,29.46,11.86,3.91,17741.3,8.80,101.80
2021,Beijing,2189.00,1916.00,87.50,273.00,12.52,6.35,5.39,0.96,104.26,21.09,16.44,19.33,0.79,40269.60,37.20,101.10
2021,Tianjin,1373.00,1165.00,84.88,208.00,15.15,5.30,6.23,-0.93,105.28,18.19,18.74,22.49,1.66,15695.00,27.50,101.30
2021,Hebei,7448.00,4554.00,61.14,2894.00,38.86,7.15,7.58,-0.43,98.98,15.51,29.18,22.65,2.02,40391.30,40.20,101.00
2021,Shanxi,3480.00,2207.00,63.42,1273.00,36.58,7.06,7.32,-0.26,104.40,18.33,22.58,19.43,1.68,22590.20,20.00,101.00
2021,Inner Mongolia,2400.00,1637.00,68.21,763.00,31.79,6.26,7.54,-1.28,104.38,15.82,18.95,19.11,3.66,20514.20,30.50,100.90
2021,Liaoning,4229.00,3079.00,72.81,1150.00,27.19,4.71,8.89,-4.18,97.60,15.86,15.29,26.70,1.11,27584.10,47.70,101.10
2021,Jilin,2375.00,1505.00,63.36,870.00,36.63,4.70,8.08,-3.38,100.30,15.45,15.52,23.19,1.31,13235.50,19.10,100.60
2021,Heilongjiang,3125.00,2053.00,65.69,1072.00,34.30,3.59,8.70,-5.11,100.42,15.59,13.31,22.84,2.15,14879.20,28.50,100.60
2021,Shanghai,2489.00,2223.00,89.30,266.00,10.69,4.67,5.59,-0.92,107.75,19.90,13.50,23.99,1.90,43214.90,66.90,101.20
2021,Jiangsu,8505.00,6289.00,73.94,2216.00,26.06,5.65,6.77,-1.12,103.05,15.90,21.51,24.96,3.04,116364.20,49.10,101.60
2021,Zhejiang,6540.00,4752.00,72.66,1788.00,27.34,6.90,5.90,1.00,109.45,17.78,18.25,19.52,3.55,73515.80,45.30,101.50
2021,Anhui,6113.00,3631.00,59.39,2482.00,40.60,8.05,8.00,0.05,104.35,17.61,28.29,23.43,5.40,42959.20,25.40,100.90
2021,Fujian,4187.00,2918.00,69.70,1269.00,30.31,8.26,6.28,1.98,107.50,19.13,27.16,16.59,2.50,48810.40,38.00,100.70
2021,Jiangxi,4517.00,2776.00,61.46,1741.00,38.54,8.34,6.71,1.63,107.05,21.62,31.32,18.60,2.55,29619.70,29.90,100.90
2021,Shandong,10170.00,6503.00,63.94,3667.00,36.06,7.38,7.36,0.02,103.05,16.25,28.05,24.25,3.98,83095.90,62.40,101.20
2021,Henan,9883.00,5579.00,56.45,4304.00,43.55,8.00,7.36,0.64,101.00,21.00,34.79,21.92,2.81,58887.40,65.30,100.90
2021,Hubei,5830.00,3736.00,64.09,2094.00,35.92,6.98,7.86,-0.88,106.28,18.24,23.14,22.46,2.38,50012.90,51.30,100.30
2021,Hunan,6622.00,3954.00,59.71,2668.00,40.29,7.13,8.28,-1.15,105.06,19.58,28.73,23.55,2.24,46063.10,27.70,100.50
2021,Guangdong,12684.00,9466.00,74.63,3218.00,25.37,9.35,4.83,4.52,111.70,26.72,25.97,12.64,1.87,124369.70,82.50,100.80
2021,Guangxi,5037.00,2774.00,55.08,2263.00,44.93,9.68,6.80,2.88,107.47,24.12,35.54,19.52,2.82,24740.90,22.70,100.90
2021,Hainan,1020.00,622.00,60.97,398.00,39.02,9.74,6.01,3.73,113.47,25.40,28.13,15.54,4.18,6475.20,10.10,100.30
2021,Chongqing,3212.00,2259.00,70.32,953.00,29.67,6.49,8.04,-1.55,102.33,19.33,22.81,26.51,1.46,27894.00,18.90,100.30
2021,Sichuan,8372.00,4841.00,57.82,3531.00,42.18,6.85,8.74,-1.89,102.03,18.80,23.41,26.33,4.54,53850.80,66.40,100.30
2021,Guizhou,3852.00,2093.00,54.33,1759.00,45.66,12.17,7.19,4.98,104.79,22.86,36.35,18.18,7.18,19586.40,32.00,100.10
2021,Yunnan,4690.00,2394.00,51.05,2296.00,48.96,9.35,8.12,1.23,106.34,21.36,27.70,16.23,4.93,27146.80,30.00,100.20
2021,Tibet,366.00,134.00,36.61,232.00,63.39,14.17,5.47,8.70,110.04,33.65,35.60,8.37,34.27,2080.20,1.80,100.90
2021,Shaanxi,3954.00,2516.00,63.63,1438.00,36.37,7.89,7.38,0.51,104.26,18.52,24.90,20.33,3.38,29801.00,27.70,101.50
2021,Gansu,2490.00,1328.00,53.33,1162.00,46.67,9.68,8.26,1.42,103.45,18.40,28.26,19.24,9.11,10243.30,13.10,100.90
2021,Qinghai,594.00,362.00,61.02,232.00,39.06,11.22,6.91,4.31,101.19,22.85,29.75,14.24,9.16,3346.60,2.80,101.30
2021,Ningxia,725.00,479.00,66.04,246.00,33.93,11.62,6.09,5.53,104.11,18.53,28.65,14.37,5.19,4522.30,7.00,101.40
2021,Xinjiang,2589.00,1482.00,57.26,1107.00,42.76,6.16,5.60,0.56,107.29,20.83,30.82,11.50,3.47,15983.60,8.90,101.20
2020,Beijing,2189.3095,1916.6433,87.55,272.6662,12.45,6.98,4.59,2.39,104.65,20.79,15.81,17.77,0.89,36102.55,29.00,101.70
2020,Tianjin,1386.6009,1174.444,84.70,212.1569,15.30,5.99,4.63,1.36,106.31,18.18,18.77,20.56,1.42,14083.73,27.00,102.00
2020,Hebei,7461.0235,4481.6486,60.07,2979.3749,39.93,8.15,5.66,2.49,102.02,15.88,30.71,21.14,1.90,36206.89,38.50,102.10
2020,Shanxi,3491.5616,2183.1494,62.53,1308.4122,37.47,8.25,4.75,3.50,104.06,17.89,23.12,18.24,1.45,17651.93,27.70,102.90
2020,Inner Mongolia,2404.9155,1622.7475,67.48,782.168,32.52,7.20,5.98,1.23,104.26,15.08,19.27,17.90,3.84,17359.82,30.00,101.90
2020,Liaoning,4259.1407,3072.5976,72.14,1186.5431,27.86,5.17,7.66,-2.49,99.7,15.86,15.57,24.37,1.01,25114.96,50.70,102.40
2020,Jilin,2407.3453,1507.9014,62.64,899.4439,37.36,4.84,6.15,-1.31,99.69,15.07,16.11,21.47,1.51,12311.32,20.60,102.30
2020,Heilongjiang,3185.0088,2089.7694,65.61,1095.2394,34.39,3.76,6.79,-3.03,100.35,16.33,13.93,21.08,1.53,13698.50,31.00,102.30
2020,Shanghai,2487.0895,2220.938,89.30,266.1515,10.70,5.02,5.19,-0.17,107.33,20.17,13.25,22.02,1.79,38700.58,19.70,101.70
2020,Jiangsu,8474.8016,6224.2383,73.44,2250.5633,26.56,6.65,6.06,0.59,103.15,15.59,22.18,23.61,3.08,102718.98,36.70,102.50
2020,Zhejiang,6456.7588,4659.8465,72.17,1796.9123,27.83,7.12,4.75,2.37,109.04,18.00,18.35,18.10,3.14,64613.34,42.10,102.30
2020,Anhui,6102.7171,3559.5103,58.33,2543.2068,41.67,9.44,5.94,3.50,103.94,17.08,29.27,22.83,5.56,38680.63,30.00,102.70
2020,Fujian,4154.0086,2855.7247,68.75,1298.2839,31.25,9.19,5.12,4.07,106.94,18.57,27.76,15.95,2.89,43903.89,35.70,102.20
2020,Jiangxi,4518.8635,2731.0611,60.44,1787.8024,39.56,9.46,5.15,4.31,106.62,21.88,33.19,17.97,2.49,25691.50,29.90,102.60
2020,Shandong,10152.7453,6401.4254,63.05,3751.3199,36.95,8.55,6.24,2.32,102.67,16.14,28.41,22.90,4.01,73129.00,46.70,102.80
2020,Henan,9936.5519,5507.8554,55.43,4428.6965,44.57,9.23,5.34,3.89,100.6,20.02,36.51,21.28,2.92,54997.07,62.20,102.80
2020,Hubei,5775.2557,3632.0374,62.89,2143.2183,37.11,8.27,6.63,1.64,105.83,18.90,23.61,21.11,2.78,43443.46,55.30,102.70
2020,Hunan,6644.4864,3904.6176,58.76,2739.8688,41.24,8.52,7.43,1.09,104.77,20.38,29.72,22.56,2.13,41781.49,31.40,102.30
2020,Guangdong,12601.251,9343.6072,74.15,3257.6438,25.85,10.25,3.63,6.62,113.08,27.01,25.97,11.82,1.79,110760.94,73.90,102.60
2020,Guangxi,5012.6804,2717.0956,54.20,2295.5848,45.80,11.34,5.85,5.49,107.04,22.07,36.81,19.01,3.10,22156.69,22.90,102.80
2020,Hainan,1008.1232,607.5981,60.27,400.5251,39.73,10.33,3.43,6.90,112.86,24.39,28.70,14.99,4.06,5532.39,7.90,102.30
2020,Chongqing,3205.4159,2226.4028,69.46,979.0131,30.54,7.48,7.06,0.42,102.21,19.65,23.73,25.48,1.93,25002.79,29.60,102.30
2020,Sichuan,8367.4866,4746.5912,56.73,3620.8954,43.27,7.59,6.27,1.32,102.19,19.08,24.04,25.28,4.74,48598.76,54.40,103.20
2020,Guizhou,3856.2148,2049.5946,53.15,1806.6202,46.85,13.66,5.94,7.71,104.5,20.68,37.17,17.92,8.78,17826.56,19.50,102.60
2020,Yunnan,4720.9277,2362.8564,50.05,2358.0713,49.95,10.94,6.11,4.83,107.16,22.00,28.08,15.42,5.78,24521.90,31.90,103.60
2020,Tibet,364.81,130.3443,35.73,234.4657,64.27,13.90,3.60,10.31,110.32,31.92,35.14,8.13,28.09,1902.74,2.10,102.20
2020,Shaanxi,3952.8999,2476.973,62.66,1475.9269,37.34,8.93,4.66,4.27,104.79,18.17,25.00,19.21,3.33,26181.86,24.50,102.50
2020,Gansu,2501.9831,1306.7332,52.23,1195.2499,47.77,10.53,6.17,4.36,103.1,17.18,28.52,18.50,8.33,9016.70,12.20,102.00
2020,Qinghai,592.3957,355.9363,60.08,236.4594,39.92,11.40,4.72,6.68,104.97,21.36,29.52,12.31,10.02,3005.92,3.10,102.60
2020,Ningxia,720.2654,467.8654,64.96,252.4,35.04,11.56,5.05,6.51,103.83,17.81,29.12,13.74,5.07,3920.55,5.60,101.50
2020,Xinjiang,2585.2345,1461.3622,56.53,1123.8723,43.47,6.94,4.29,2.64,106.85,20.22,32.18,11.12,3.43,13797.58,9.40,101.50
2019,Beijing,2154,1865,86.6,289,13.4,8.12,5.49,2.63,101.56,20.54,13.34,14.66,1.73,35371.28,7.4,102.30
2019,Tianjin,1562,1304,83.48,258,16.52,6.73,5.3,1.43,123.17,19.21,13.23,15.56,1.72,14104.28,26.1,102.70
2019,Hebei,7592,4374,57.62,3218,42.38,10.83,6.12,4.71,104.26,14.62,27.68,19.32,2.54,35104.52,36,103.00
2019,Shanxi,3729,2221,59.55,1508,40.45,9.12,5.85,3.27,102.32,17.64,20.87,14.93,2.00,17026.68,21.3,102.70
2019,Inner Mongolia,2540,1609,63.37,931,36.63,8.23,5.66,2.57,106.68,17.12,16.97,13.28,4.15,17212.53,28.1,102.40
2019,Liaoning,4352,2964,68.11,1388,31.89,6.45,7.25,-0.8,100.71,14.81,13.8,21.55,1.29,24909.45,45.6,102.40
2019,Jilin,2691,1568,58.27,1123,41.73,6.05,6.9,-0.85,101.94,13.53,15.71,17.73,2.25,11726.82,23.9,103.00
2019,Heilongjiang,3751,2284,60.9,1467,39.1,5.73,6.74,-1.01,102.77,14.23,13.08,18.07,2.58,13612.68,34.7,102.80
2019,Shanghai,2428,2144,88.3,284,11.7,7,5.5,1.5,107.86,16.87,13.62,22.07,2.49,38155.32,19.3,102.50
2019,Jiangsu,8070,5698,70.61,2372,29.39,9.12,7.04,2.08,103.38,15.27,19.38,21.2,4.75,99631.52,35.1,103.10
2019,Zhejiang,5850,4095,70,1755,30,10.51,5.52,4.99,107.64,16.46,17.91,19.25,4.52,62351.74,34.4,102.90
2019,Anhui,6366,3553,55.81,2813,44.19,12.03,6.04,5.99,102.13,16.28,27.67,20.73,6.43,37113.98,26.8,102.70
2019,Fujian,3973,2642,66.5,1331,33.5,12.9,6.1,6.8,107.51,14.19,23.07,13.67,6.81,42395.00,16.8,102.60
2019,Jiangxi,4666,2679,57.42,1987,42.58,12.59,6.03,6.56,104.29,19.88,29.01,14.57,2.95,24757.50,27.5,102.90
2019,Shandong,10070,6194,61.51,3876,38.49,11.77,7.5,4.27,101.92,13.39,26.58,23.82,7.33,71067.53,44.2,103.20
2019,Henan,9640,5129,53.21,4511,46.79,11.02,6.84,4.18,102.03,19.47,31.28,17.23,4.45,54259.20,49.4,103.00
2019,Hubei,5927,3615,61,2312,39,11.35,7.08,4.27,101.45,18.10,21.83,18.32,4.84,45828.31,37.6,103.10
2019,Hunan,6918,3959,57.22,2959,42.78,10.39,7.28,3.11,103.88,17.85,29.89,19.66,2.71,39752.12,31.1,102.90
2019,Guangdong,11521,8226,71.4,3295,28.6,12.54,4.46,8.08,118.05,26.75,21.16,11.37,2.99,107671.07,36.9,103.40
2019,Guangxi,4960,2534,51.09,2426,48.91,13.31,6.14,7.17,106.98,21.75,32.1,14.95,2.73,21237.14,19.7,103.70
2019,Hainan,945,560,59.23,385,40.77,12.87,6.11,6.76,106.34,27.75,27.41,13.09,3.84,5308.93,5.6,103.40
2019,Chongqing,3124,2087,66.8,1037,33.2,10.48,7.57,2.91,100.17,16.74,24.72,22.61,3.15,23605.77,17.5,102.70
2019,Sichuan,8375,4505,53.79,3870,46.21,10.7,7.09,3.61,96.73,17.06,24.19,23.2,6.81,46615.82,50.4,103.20
2019,Guizhou,3623,1776,49.02,1847,50.98,13.65,6.95,6.7,107.42,20.14,33.62,17.5,10.19,16769.34,15.3,102.40
2019,Yunnan,4858,2376,48.91,2482,51.09,12.63,6.2,6.43,104.14,20.66,25.03,13.71,7.31,23223.75,22.9,102.50
2019,Tibet,351,111,31.54,240,68.46,14.6,4.46,10.14,100.31,28.40,38.38,8.86,33.11,1697.82,2.1,102.30
2019,Shaanxi,3876,2304,59.43,1572,40.57,10.55,6.28,4.27,103.00,18.32,19.82,16.41,3.97,25793.17,23.8,102.90
2019,Gansu,2647,1284,48.49,1363,51.51,10.6,6.75,3.85,102.19,19.76,23.96,16.13,10.48,8718.30,10.8,102.30
2019,Qinghai,608,337,55.52,271,44.48,13.66,6.08,7.58,106.91,19.45,27.12,11.85,10.60,2965.95,3.1,102.50
2019,Ningxia,695,416,59.86,279,40.14,13.72,5.69,8.03,105.95,18.95,29.72,13.62,8.39,3748.48,5.1,102.10
2019,Xinjiang,2523,1309,51.87,1214,48.13,8.14,4.45,3.69,101.73,20.19,35.61,11.9,3.71,13597.11,8.4,101.90
2018,Beijing,2154.00,1863.00,86.50,291.00,13.50,8.24,5.58,2.66,98.75,20.79,13.37,14.38,1.69,30319.98,7.90,102.50
2018,Tianjin,1560.00,1297.00,83.15,263.00,16.85,6.67,5.42,1.25,115.72,18.74,13.03,13.85,1.39,18809.64,25.80,102.00
2018,Hebei,7556.00,4264.00,56.43,3292.00,43.57,11.26,6.38,4.88,101.67,14.75,26.85,18.43,3.95,36010.27,38.00,102.40
2018,Shanxi,3718.00,2172.00,58.41,1546.00,41.59,9.63,5.32,4.31,104.73,18.65,21.05,13.94,2.47,16818.11,24.60,101.80
2018,Inner Mongolia,2534.00,1589.00,62.71,945.00,37.29,8.35,5.95,2.40,104.26,15.79,17.27,12.81,4.58,17289.22,27.00,101.80
2018,Liaoning,4359.00,2968.00,68.10,1391.00,31.90,6.39,7.39,-1.00,100.37,15.96,13.56,20.00,1.55,25315.35,44.40,102.50
2018,Jilin,2704.00,1556.00,57.53,1148.00,42.47,6.62,6.26,0.36,102.03,13.73,16.31,16.42,2.80,15074.62,26.80,102.10
2018,Heilongjiang,3773.00,2268.00,60.10,1505.00,39.90,5.98,6.67,-0.69,102.93,14.81,13.67,15.82,2.34,16361.62,39.40,102.00
2018,Shanghai,2424.00,2136.00,88.10,288.00,11.90,7.20,5.40,1.80,106.61,16.86,13.08,19.88,2.38,32679.87,19.40,101.60
2018,Jiangsu,8051.00,5604.00,69.61,2447.00,30.39,9.32,7.03,2.29,103.43,15.19,19.08,19.86,5.77,92595.40,34.40,102.30
2018,Zhejiang,5737.00,3953.00,68.90,1784.00,31.10,11.02,5.58,5.44,107.97,15.63,18.68,17.71,4.93,56197.15,34.10,102.30
2018,Anhui,6324.00,3459.00,54.69,2865.00,45.31,12.41,5.96,6.45,106.06,18.02,27.25,19.35,6.75,30006.82,28.10,102.00
2018,Fujian,3941.00,2594.00,65.82,1347.00,34.18,13.20,6.20,7.00,108.41,16.57,22.66,12.86,6.72,35804.04,17.30,101.50
2018,Jiangxi,4648.00,2604.00,56.02,2044.00,43.98,13.43,6.06,7.37,105.83,19.36,28.99,13.91,4.13,21984.78,35.10,102.10
2018,Shandong,10047.00,6147.00,61.18,3900.00,38.82,13.26,7.18,6.08,100.77,13.27,26.95,22.69,7.04,76469.67,46.50,102.50
2018,Henan,9605.00,4967.00,51.71,4638.00,48.29,11.72,6.80,4.92,102.45,17.90,31.49,16.34,4.83,48055.86,48.60,102.30
2018,Hubei,5917.00,3568.00,60.30,2349.00,39.70,11.54,7.00,4.54,106.15,21.01,21.27,17.31,4.81,39366.55,36.10,101.90
2018,Hunan,6899.00,3865.00,56.02,3034.00,43.98,12.19,7.08,5.11,101.51,17.64,28.65,18.36,3.12,36425.78,40.40,102.00
2018,Guangdong,11346.00,8022.00,70.70,3324.00,29.30,12.79,4.55,8.24,117.27,24.60,22.60,11.04,2.67,97277.77,36.60,102.20
2018,Guangxi,4926.00,2474.00,50.22,2452.00,49.78,14.12,5.96,8.16,108.47,22.60,32.09,14.72,3.18,20352.51,16.70,102.30
2018,Hainan,934.00,552.00,59.06,382.00,40.94,14.48,6.01,8.47,104.69,28.16,26.42,11.30,3.97,4832.05,5.50,102.50
2018,Chongqing,3102.00,2032.00,65.50,1070.00,34.50,11.02,7.54,3.48,100.35,17.48,24.68,21.09,3.83,20363.19,13.10,102.00
2018,Sichuan,8341.00,4362.00,52.29,3979.00,47.71,11.05,7.01,4.04,98.67,17.34,23.84,21.83,7.49,40678.13,53.30,101.70
2018,Guizhou,3600.00,1711.00,47.52,1889.00,52.48,13.90,6.85,7.05,109.37,21.31,33.49,17.08,9.93,14806.45,15.10,101.80
2018,Yunnan,4830.00,2309.00,47.81,2521.00,52.19,13.19,6.32,6.87,107.67,20.92,24.99,13.24,8.14,17881.12,20.90,101.60
2018,Tibet,344.00,107.00,31.14,237.00,68.86,15.22,4.58,10.64,98.98,28.51,33.23,8.04,35.23,1477.63,2.10,101.70
2018,Shaanxi,3864.00,2246.00,58.13,1618.00,41.87,10.67,6.24,4.43,100.47,20.89,19.31,14.99,4.96,24438.32,24.10,102.10
2018,Gansu,2637.00,1258.00,47.69,1379.00,52.31,11.07,6.65,4.42,103.65,19.97,24.74,15.92,10.35,8246.07,10.00,102.00
2018,Qinghai,603.00,328.00,54.47,275.00,45.53,14.31,6.25,8.06,108.34,19.63,26.83,10.42,10.24,2865.23,4.60,102.50
2018,Ningxia,688.00,405.00,58.88,283.00,41.12,13.32,5.54,7.78,98.27,21.34,28.29,12.67,9.24,3705.18,5.40,102.30
2018,Xinjiang,2487.00,1266.00,50.91,1221.00,49.09,10.69,4.56,6.13,99.76,19.45,32.22,10.19,3.68,12199.08,9.50,102.00
2017,Beijing,2171.00,1878.00,86.50,293.00,13.50,9.06,5.30,3.76,102.65,22.70,14.25,16.32,1.23,28014.94,8.10,99.20
2017,Tianjin,1557.00,1291.00,82.93,266.00,17.07,7.65,5.05,2.60,111.10,22.61,14.59,14.57,1.92,18549.19,26.00,100.80
2017,Hebei,7520.00,4136.00,55.01,3383.00,44.99,13.20,6.60,6.60,103.14,14.76,25.57,16.80,3.48,34016.32,39.90,101.40
2017,Shanxi,3702.00,2123.00,57.34,1579.00,42.66,11.06,5.45,5.61,108.34,20.61,20.69,11.92,1.78,15528.42,26.50,101.30
2017,Inner Mongolia,2529.00,1568.00,62.02,961.00,37.98,9.47,5.74,3.73,100.79,16.37,17.91,14.33,4.82,16096.21,27.10,101.20
2017,Liaoning,4369.00,2949.00,67.49,1420.00,32.51,6.49,6.93,-0.44,100.12,16.66,13.39,18.57,1.54,23409.24,42.70,100.70
2017,Jilin,2717.00,1539.00,56.65,1178.00,43.35,6.76,6.50,0.26,102.42,13.57,16.51,16.18,3.50,14944.53,26.30,101.40
2017,Heilongjiang,3789.00,2250.00,59.40,1538.00,40.60,6.22,6.63,-0.41,103.83,15.13,12.76,15.58,2.89,15902.68,39.70,99.90
2017,Shanghai,2418.00,2121.00,87.70,297.00,12.30,8.10,5.30,2.80,103.54,17.37,13.12,18.82,2.29,30632.99,22.10,100.90
2017,Jiangsu,8029.00,5521.00,68.76,2508.00,31.24,9.71,7.03,2.68,103.02,14.96,18.52,19.19,5.95,85869.76,34.70,101.90
2017,Zhejiang,5657.00,3847.00,68.00,1810.00,32.00,11.92,5.56,6.36,111.48,16.82,16.15,16.56,5.40,51768.26,33.80,101.40
2017,Anhui,6255.00,3346.00,53.49,2909.00,46.51,14.07,5.90,8.17,104.92,16.33,28.13,19.14,6.80,27018.00,29.00,101.70
2017,Fujian,3911.00,2534.00,64.80,1377.00,35.20,15.00,6.20,8.80,104.12,17.49,25.67,13.23,5.60,32182.09,17.10,100.60
2017,Jiangxi,4622.00,2524.00,54.60,2098.00,45.40,13.79,6.08,7.71,108.28,18.83,31.47,14.21,4.36,20006.31,32.30,101.00
2017,Shandong,10006.00,6062.00,60.58,3944.00,39.42,17.54,7.40,10.14,101.68,14.40,25.49,18.64,6.07,72634.15,45.70,100.80
2017,Henan,9559.00,4795.00,50.16,4764.00,49.84,12.95,6.97,5.98,104.49,18.94,30.53,15.88,5.00,44552.83,40.70,101.30
2017,Hubei,5902.00,3500.00,59.30,2402.00,40.70,12.60,7.01,5.59,106.34,20.28,21.99,17.00,5.69,35478.09,37.10,100.30
2017,Hunan,6860.00,3747.00,54.62,3113.00,45.38,13.27,7.08,6.19,101.68,17.30,26.51,17.53,3.13,33902.96,44.50,101.30
2017,Guangdong,11169.00,7802.00,69.85,3367.00,30.15,13.68,4.52,9.16,113.46,25.12,22.32,10.27,2.51,89705.23,37.10,101.60
2017,Guangxi,4885.00,2404.00,49.21,2481.00,50.79,15.14,6.22,8.92,109.20,23.20,32.73,14.33,3.30,18523.26,14.70,101.20
2017,Hainan,926.00,537.00,58.04,389.00,41.96,14.73,6.01,8.72,110.02,26.46,27.52,11.38,4.23,4462.54,5.50,102.00
2017,Chongqing,3075.00,1971.00,64.08,1105.00,35.92,11.18,7.27,3.91,99.57,16.15,23.65,20.60,3.02,19424.73,14.30,100.80
2017,Sichuan,8302.00,4217.00,50.79,4085.00,49.21,11.26,7.03,4.23,101.93,18.72,22.53,19.83,7.05,36980.22,55.80,100.50
2017,Guizhou,3580.00,1648.00,46.02,1932.00,53.98,13.98,6.88,7.10,107.23,22.54,30.97,14.47,10.11,13540.83,14.90,100.90
2017,Yunnan,4801.00,2241.00,46.69,2559.00,53.31,13.53,6.68,6.85,107.41,23.30,26.06,11.56,8.39,16376.34,19.80,101.30
2017,Tibet,337.00,104.00,30.89,233.00,69.11,16.00,4.95,11.05,100.85,27.85,34.14,8.22,34.96,1310.92,1.90,101.40
2017,Shaanxi,3835.00,2178.00,56.79,1657.00,43.21,11.11,6.24,4.87,97.38,20.45,21.34,15.14,5.50,21898.81,23.40,101.30
2017,Gansu,2626.00,1218.00,46.39,1408.00,53.61,12.54,6.52,6.02,103.27,19.69,24.33,14.32,9.17,7459.90,9.60,101.40
2017,Qinghai,598.00,317.00,53.07,281.00,46.93,14.42,6.17,8.25,105.93,20.30,27.80,10.96,9.63,2624.83,4.70,101.20
2017,Ningxia,682.00,395.00,57.98,287.00,42.02,13.44,4.75,8.69,96.91,22.58,25.11,11.56,7.19,3443.56,5.10,101.80
2017,Xinjiang,2445.00,1207.00,49.38,1238.00,50.62,15.88,4.48,11.40,102.12,18.44,32.76,10.43,3.19,10881.96,10.00,100.90
2016,Beijing,2173.00,1880.00,86.50,293.00,13.50,9.32,5.20,4.12,105.85,21.25,14.06,15.17,1.56,25669.13,8.00,101.40
2016,Tianjin,1562.00,1295.00,82.93,267.00,17.07,7.37,5.54,1.83,114.39,19.13,14.01,14.62,2.26,17885.39,25.80,102.10
2016,Hebei,7470.00,3983.00,53.32,3487.00,46.68,12.42,6.36,6.06,104.61,14.46,26.14,15.44,4.10,32070.45,39.70,101.50
2016,Shanxi,3682.00,2070.00,56.21,1612.00,43.79,10.29,5.52,4.77,106.04,20.36,20.22,11.45,2.52,13050.41,26.10,101.10
2016,Inner Mongolia,2520.00,1542.00,61.19,978.00,38.81,9.03,5.69,3.34,102.05,18.53,16.46,12.14,4.66,18128.10,26.70,101.20
2016,Liaoning,4378.00,2949.00,67.37,1429.00,32.63,6.60,6.78,-0.18,101.86,16.34,13.97,17.37,1.69,22246.90,47.30,101.60
2016,Jilin,2733.00,1530.00,55.97,1203.00,44.03,5.55,5.60,-0.05,103.41,14.67,16.54,14.19,2.47,14776.80,25.70,101.60
2016,Heilongjiang,3799.00,2249.00,59.20,1550.00,40.80,6.12,6.61,-0.49,102.11,16.71,12.89,15.30,3.60,15386.09,39.60,101.50
2016,Shanghai,2420.00,2127.00,87.90,293.00,12.10,9.00,5.00,4.00,105.87,17.02,12.50,16.76,3.11,28178.65,24.30,103.20
2016,Jiangsu,7999.00,5417.00,67.72,2582.00,32.28,9.76,7.03,2.73,101.44,15.68,18.87,18.56,5.81,77388.28,35.20,102.30
2016,Zhejiang,5590.00,3745.00,67.00,1845.00,33.00,11.22,5.52,5.70,108.56,17.12,17.17,15.43,5.99,47251.36,33.90,101.90
2016,Anhui,6196.00,3221.00,51.99,2975.00,48.01,13.02,5.96,7.06,105.52,17.63,24.70,16.15,6.81,24407.62,30.40,101.80
2016,Fujian,3874.00,2464.00,63.60,1410.00,36.40,14.50,6.20,8.30,103.80,15.86,25.49,13.87,6.14,28810.58,16.30,101.70
2016,Jiangxi,4592.00,2438.00,53.10,2154.00,46.90,13.45,6.16,7.29,108.45,19.18,30.68,13.87,4.83,18499.00,31.30,102.00
2016,Shandong,9947.00,5871.00,59.02,4076.00,40.98,17.89,7.05,10.84,104.14,15.34,23.72,16.32,6.56,68024.49,45.80,102.10
2016,Henan,9532.00,4623.00,48.50,4909.00,51.50,13.26,7.11,6.15,103.89,19.15,30.07,14.57,5.65,40471.79,43.60,101.90
2016,Hubei,5885.00,3419.00,58.10,2466.00,41.90,12.04,6.97,5.07,105.49,18.89,21.22,15.87,5.64,32665.38,32.90,102.20
2016,Hunan,6822.00,3599.00,52.75,3223.00,47.25,13.57,7.01,6.56,104.51,17.39,26.03,17.01,3.39,31551.37,44.90,101.90
2016,Guangdong,10999.00,7611.00,69.20,3388.00,30.80,11.85,4.41,7.44,113.02,28.00,22.15,10.18,2.87,80854.91,38.00,102.30
2016,Guangxi,4838.00,2326.00,48.08,2512.00,51.92,13.82,5.95,7.87,108.43,23.23,30.97,14.06,3.79,18317.64,18.10,101.60
2016,Hainan,917.00,521.00,56.78,396.00,43.22,14.57,6.00,8.57,111.46,26.63,27.43,11.45,4.63,4053.20,5.10,102.80
2016,Chongqing,3048.00,1908.00,62.60,1140.00,37.40,11.77,7.24,4.53,103.37,17.12,21.89,19.79,4.02,17740.59,15.70,101.80
2016,Sichuan,8262.00,4066.00,49.21,4196.00,50.79,10.48,6.99,3.49,99.73,18.13,22.69,19.47,8.22,32934.54,56.30,101.90
2016,Guizhou,3555.00,1570.00,44.15,1985.00,55.85,13.43,6.93,6.50,106.65,22.02,32.70,14.13,11.86,11776.73,14.80,101.40
2016,Yunnan,4771.00,2148.00,45.03,2623.00,54.97,13.16,6.55,6.61,102.16,21.87,27.09,11.62,8.83,14788.42,20.10,101.50
2016,Tibet,331.00,98.00,29.56,233.00,70.44,15.79,5.11,10.68,102.18,30.63,33.87,7.01,41.12,1151.41,1.80,102.50
2016,Shaanxi,3813.00,2110.00,55.34,1703.00,44.66,10.64,6.23,4.41,101.93,21.45,19.93,14.43,5.22,19399.59,22.70,101.30
2016,Gansu,2610.00,1166.00,44.69,1444.00,55.31,12.18,6.18,6.00,102.85,20.84,23.21,13.62,8.70,7200.37,9.80,101.30
2016,Qinghai,593.00,306.00,51.63,287.00,48.37,14.70,6.18,8.52,105.80,21.38,26.98,9.89,13.45,2572.49,4.60,101.80
2016,Ningxia,675.00,380.00,56.29,295.00,43.71,13.69,4.72,8.97,106.70,19.41,26.20,10.65,6.82,3168.59,5.10,101.50
2016,Xinjiang,2398.00,1159.00,48.35,1239.00,51.65,15.34,4.26,11.08,104.48,19.48,32.06,10.30,3.79,9649.70,9.70,101.40